"hesuca16",103.8148
"hesuca16",103.8148
"hesuca3",84.9759
"hesuca3",84.9759
"hesuca3",84.9759
"hesuca3",84.9759
"hesuca3",84.9759
"hesuca3",84.9759
"hesuca15",43.1802
"hesuca3",84.9759
"hesuca15",43.1802
"hesuca3",84.9759
"hesuca15",43.1802
"hesuca3",84.9759
"hesuca15",43.1802
"hesuca3",84.9759
"hesuca15",43.1802
"hesuca3",84.9759
"hesuca15",43.1802
"hesuca3",84.9759
"hesuca15",43.1802
"hesuca3",84.9759
"hesuca15",43.1802
"hesuca3",84.9759
"hesuca15",43.1802
"hesuca3",84.9759
"hesuca15",43.1802
"hesuca3",84.9759
"hesuca15",43.1802
"hesuca3",84.9759
"hesuca15",43.1802
"hesuca3",84.9759
"hesuca15",43.1802
"hesuca3",84.9759
"hesuca15",43.1802
